Ano,Semana,Trimestre
2000,32,3
2000,12,1
2000,37,3
2000,48,4
2000,47,4
2000,34,3
2000,19,2
2000,8,1
2000,10,1
2000,7,1
2000,6,1
2000,11,1
2000,17,2
2000,35,3
2000,40,4
2000,18,2
2000,21,2
2000,1,1
2000,15,2
2000,16,2
2000,33,3
2000,36,3
2000,31,3
2000,38,3
2000,41,4
2001,5,1
2001,7,1
2001,20,2
2001,40,4
2001,52,4
2001,15,2
2001,12,1
2001,27,3
2001,29,3
2001,30,3
2001,47,4
2002,2,1
2002,18,2
2002,31,3
2002,41,4
2002,43,4
2003,38,3
2003,36,3
2003,16,2
2003,13,1
2003,19,2
2003,26,2
2003,9,1
2003,8,1
2003,10,1
2003,11,1
2003,7,1
2004,27,3
2004,34,3
2004,25,2
2004,8,1
2004,17,2
2004,16,2
2004,19,2
2004,41,4
2005,37,3
2005,40,4
2005,36,3
2005,41,4
2006,40,4
2006,41,4
2006,14,2
2006,36,3
2006,34,3
2006,35,3
2006,37,3
2006,38,3
2006,33,3
2006,24,2
2006,39,3
2006,23,2
2006,21,2
2006,27,3
2006,28,3
2006,48,4
2006,49,4
2007,32,3
2007,1,1
2007,3,1
2007,28,3
2007,30,3
2007,29,3
2007,40,4
2008,28,3
2008,33,3
2008,31,3
2008,44,4
2008,47,4
2008,48,4
2008,26,2
2008,24,2
2008,11,1
2008,13,1
2009,33,3
2009,32,3
2010,16,2
2010,19,2
2010,30,3
2010,38,3
2010,40,4
2010,45,4
2010,46,4
2010,49,4
2010,51,4
2010,33,3
2011,2,1
2012,4,1
2012,40,4
2012,37,3
2012,43,4
2012,44,4
2012,47,4
2012,33,3
2013,49,4
2013,50,4
2013,21,2
2013,27,3
2013,22,2
2013,14,2
2013,15,2
2013,16,2
2013,18,2
2013,19,2
2013,20,2
2013,48,4
2013,12,1
2014,4,1
2014,9,1
2014,40,4
2014,42,4
2014,24,2
2014,2,1
2014,32,3
2014,53,4
2014,28,3
2014,33,3
2016,35,3
2016,9,1
2017,37,3
2017,38,3
2018,38,3
2018,13,1
2018,36,3
2009,34,3
2009,35,3
2009,36,3
2009,46,4
2010,26,2
2010,27,3
2010,28,3
2010,29,3
2010,37,3
2010,41,4
2010,15,2
2018,27,3
2000,49,4
2000,51,4
2000,29,3
2000,42,4
2000,28,3
2000,50,4
2000,44,4
2000,39,3
2000,23,2
2000,5,1
2000,46,4
2001,42,4
2001,8,1
2001,1,1
2001,33,3
2001,34,3
2001,43,4
2001,6,1
2001,13,1
2001,44,4
2001,48,4
2001,14,2
2002,4,1
2002,7,1
2002,15,2
2002,25,2
2002,35,3
2002,27,3
2002,51,4
2002,52,4
2002,34,3
2002,33,3
2002,32,3
2002,12,1
2002,47,4
2002,49,4
2002,46,4
2002,44,4
2002,45,4
2002,48,4
2003,24,2
2003,23,2
2003,15,2
2003,42,4
2003,44,4
2003,45,4
2003,46,4
2003,43,4
2003,52,4
2003,53,4
2003,48,4
2003,3,1
2003,49,4
2003,6,1
2004,1,1
2004,2,1
2004,7,1
2004,10,1
2004,14,2
2004,18,2
2004,21,2
2004,20,2
2004,32,3
2004,31,3
2004,36,3
2004,37,3
2004,38,3
2004,48,4
2004,50,4
2004,52,4
2004,4,1
2004,28,3
2004,30,3
2004,29,3
2004,26,2
2004,44,4
2004,15,2
2004,45,4
2004,51,4
2005,1,1
2005,2,1
2005,22,2
2005,25,2
2005,29,3
2005,34,3
2005,50,4
2005,10,1
2005,6,1
2005,9,1
2005,13,1
2005,47,4
2005,26,2
2005,4,1
2005,7,1
2005,8,1
2005,12,1
2005,11,1
2005,14,2
2005,15,2
2005,16,2
2005,18,2
2005,33,3
2006,1,1
2006,20,2
2006,25,2
2006,45,4
2006,12,1
2006,17,2
2006,26,2
2006,30,3
2006,4,1
2006,51,4
2006,5,1
2007,4,1
2007,5,1
2007,8,1
2007,49,4
2007,10,1
2007,18,2
2008,7,1
2008,8,1
2008,14,2
2008,19,2
2008,51,4
2008,1,1
2008,2,1
2008,45,4
2008,16,2
2009,23,2
2009,26,2
2009,15,2
2009,16,2
2009,41,4
2010,52,4
2010,12,1
2011,1,1
2011,3,1
2011,5,1
2011,28,3
2011,7,1
2012,9,1
2015,44,4
2015,37,3
2015,38,3
2015,36,3
2015,35,3
2015,13,1
2014,10,1
2014,11,1
2014,25,2
2014,52,4
2016,28,3
2016,29,3
2016,31,3
2017,4,1
2017,5,1
2017,6,1
2017,14,2
2017,27,3
2020,8,1
2000,45,4
2000,14,2
2000,26,2
2000,22,2
2000,27,3
2000,20,2
2000,13,1
2000,2,1
2000,9,1
2000,30,3
2000,25,2
2000,3,1
2000,24,2
2002,1,1
2002,3,1
2002,6,1
2002,11,1
2002,8,1
2002,14,2
2002,17,2
2002,5,1
2002,26,2
2002,24,2
2002,22,2
2002,42,4
2002,28,3
2002,20,2
2003,1,1
2003,5,1
2003,4,1
2003,22,2
2003,28,3
2003,41,4
2003,40,4
2003,47,4
2003,12,1
2003,25,2
2003,21,2
2003,18,2
2003,27,3
2003,17,2
2003,50,4
2003,51,4
2003,20,2
2003,35,3
2003,39,3
2004,6,1
2004,5,1
2004,12,1
2004,13,1
2004,11,1
2004,39,3
2004,49,4
2004,43,4
2004,22,2
2004,24,2
2004,46,4
2004,42,4
2004,23,2
2004,9,1
2004,35,3
2004,40,4
2004,33,3
2004,3,1
2004,47,4
2005,17,2
2005,32,3
2005,38,3
2005,39,3
2005,19,2
2005,23,2
2005,24,2
2005,28,3
2005,31,3
2005,35,3
2005,44,4
2005,46,4
2005,48,4
2005,51,4
2005,43,4
2005,3,1
2005,20,2
2005,27,3
2005,45,4
2005,42,4
2005,21,2
2005,30,3
2005,49,4
2005,52,4
2005,5,1
2006,6,1
2006,8,1
2006,7,1
2006,16,2
2006,18,2
2006,11,1
2006,10,1
2006,9,1
2006,44,4
2006,15,2
2006,13,1
2006,22,2
2006,31,3
2006,46,4
2006,42,4
2006,19,2
2006,47,4
2006,50,4
2006,2,1
2006,3,1
2006,43,4
2006,52,4
2006,29,3
2006,32,3
2007,12,1
2007,25,2
2007,45,4
2007,46,4
2007,52,4
2007,11,1
2007,13,1
2007,14,2
2007,20,2
2007,21,2
2007,33,3
2007,34,3
2007,36,3
2007,31,3
2007,39,3
2007,47,4
2007,41,4
2007,48,4
2007,42,4
2007,15,2
2007,9,1
2007,27,3
2007,26,2
2007,23,2
2007,38,3
2007,2,1
2007,24,2
2007,6,1
2007,7,1
2007,16,2
2007,17,2
2007,19,2
2007,35,3
2007,37,3
2007,44,4
2007,43,4
2007,22,2
2007,50,4
2007,51,4
2008,9,1
2008,10,1
2008,5,1
2008,6,1
2008,25,2
2008,34,3
2008,49,4
2008,32,3
2008,35,3
2008,27,3
2008,37,3
2008,30,3
2008,15,2
2008,20,2
2008,36,3
2008,29,3
2008,23,2
2008,3,1
2008,53,4
2008,46,4
2008,4,1
2008,17,2
2008,39,3
2008,43,4
2008,21,2
2008,52,4
2008,12,1
2008,41,4
2008,50,4
2009,8,1
2009,7,1
2009,25,2
2009,51,4
2009,53,4
2009,1,1
2009,2,1
2009,5,1
2009,12,1
2009,24,2
2009,3,1
2009,14,2
2009,49,4
2009,10,1
2009,18,2
2009,4,1
2009,6,1
2009,19,2
2009,28,3
2009,17,2
2009,45,4
2009,44,4
2009,13,1
2009,31,3
2009,37,3
2009,38,3
2009,21,2
2009,52,4
2009,22,2
2009,11,1
2009,9,1
2009,42,4
2009,40,4
2009,48,4
2009,39,3
2010,10,1
2010,17,2
2010,32,3
2010,34,3
2010,35,3
2010,43,4
2010,22,2
2010,23,2
2010,9,1
2010,13,1
2010,8,1
2010,7,1
2010,4,1
2010,3,1
2010,11,1
2010,20,2
2010,24,2
2010,6,1
2010,44,4
2010,18,2
2010,25,2
2010,31,3
2010,47,4
2010,50,4
2010,39,3
2010,14,2
2010,21,2
2010,2,1
2010,36,3
2010,5,1
2011,11,1
2011,15,2
2011,13,1
2011,6,1
2011,17,2
2011,18,2
2011,20,2
2011,29,3
2011,30,3
2011,33,3
2011,41,4
2011,4,1
2011,8,1
2011,9,1
2011,16,2
2011,22,2
2011,27,3
2011,40,4
2011,36,3
2011,49,4
2011,10,1
2011,25,2
2011,45,4
2011,44,4
2011,19,2
2011,12,1
2011,35,3
2011,39,3
2011,38,3
2011,37,3
2011,51,4
2011,24,2
2011,50,4
2011,46,4
2011,48,4
2011,14,2
2011,26,2
2011,43,4
2011,23,2
2011,31,3
2011,21,2
2011,34,3
2011,47,4
2011,32,3
2012,14,2
2012,22,2
2012,39,3
2012,42,4
2012,45,4
2012,26,2
2012,16,2
2012,46,4
2012,13,1
2012,48,4
2012,17,2
2012,3,1
2012,2,1
2012,8,1
2012,19,2
2012,41,4
2012,27,3
2012,21,2
2012,25,2
2012,1,1
2012,7,1
2012,10,1
2012,12,1
2012,15,2
2012,18,2
2012,20,2
2012,23,2
2012,24,2
2012,28,3
2012,29,3
2012,30,3
2012,31,3
2012,32,3
2012,34,3
2012,35,3
2012,36,3
2012,38,3
2012,49,4
2012,50,4
2012,51,4
2012,52,4
2012,11,1
2012,5,1
2012,6,1
2013,25,2
2013,3,1
2013,2,1
2013,10,1
2013,17,2
2013,6,1
2013,8,1
2013,4,1
2013,36,3
2013,34,3
2013,38,3
2013,43,4
2013,41,4
2013,35,3
2013,40,4
2013,44,4
2013,1,1
2013,30,3
2013,45,4
2013,24,2
2013,51,4
2013,46,4
2013,39,3
2013,29,3
2013,9,1
2013,33,3
2013,7,1
2013,47,4
2013,5,1
2013,11,1
2013,13,1
2013,23,2
2013,26,2
2013,28,3
2013,31,3
2013,32,3
2013,37,3
2013,42,4
2013,52,4
2015,47,4
2015,51,4
2015,48,4
2015,45,4
2015,8,1
2015,49,4
2015,50,4
2015,52,4
2015,46,4
2015,23,2
2015,33,3
2015,10,1
2015,11,1
2015,3,1
2015,40,4
2015,43,4
2015,42,4
2015,41,4
2015,39,3
2015,34,3
2015,32,3
2015,31,3
2015,30,3
2015,29,3
2015,28,3
2015,27,3
2015,26,2
2015,25,2
2015,24,2
2015,22,2
2015,21,2
2015,20,2
2015,19,2
2015,18,2
2015,17,2
2015,16,2
2015,15,2
2015,14,2
2015,12,1
2015,9,1
2015,7,1
2015,6,1
2015,5,1
2015,4,1
2015,2,1
2015,1,1
2014,3,1
2014,6,1
2014,7,1
2014,8,1
2014,12,1
2014,13,1
2014,19,2
2014,20,2
2014,47,4
2014,51,4
2014,5,1
2014,23,2
2014,36,3
2014,27,3
2014,39,3
2014,18,2
2014,26,2
2014,50,4
2014,16,2
2014,49,4
2014,41,4
2014,21,2
2014,1,1
2014,17,2
2014,35,3
2014,29,3
2014,31,3
2014,37,3
2014,38,3
2014,43,4
2014,45,4
2014,46,4
2014,48,4
2014,14,2
2014,15,2
2014,30,3
2014,34,3
2014,44,4
2014,22,2
2016,5,1
2016,27,3
2016,2,1
2016,32,3
2016,30,3
2016,21,2
2016,14,2
2016,13,1
2016,11,1
2016,8,1
2016,3,1
2016,4,1
2016,44,4
2016,52,4
2016,51,4
2016,48,4
2016,10,1
2016,38,3
2016,20,2
2016,16,2
2016,40,4
2016,33,3
2016,19,2
2016,25,2
2016,39,3
2016,41,4
2016,37,3
2016,36,3
2016,26,2
2016,15,2
2016,12,1
2016,17,2
2016,7,1
2016,6,1
2016,23,2
2016,18,2
2016,22,2
2016,43,4
2016,24,2
2016,34,3
2016,46,4
2016,42,4
2016,1,1
2016,49,4
2016,50,4
2016,45,4
2016,47,4
2017,1,1
2017,2,1
2017,3,1
2017,7,1
2017,8,1
2017,9,1
2017,10,1
2017,11,1
2017,12,1
2017,40,4
2017,13,1
2017,15,2
2017,16,2
2017,17,2
2017,18,2
2017,19,2
2017,20,2
2017,21,2
2017,22,2
2017,23,2
2017,24,2
2017,25,2
2017,26,2
2017,28,3
2017,29,3
2017,30,3
2017,31,3
2017,32,3
2017,33,3
2017,34,3
2017,35,3
2017,36,3
2017,39,3
2017,41,4
2017,42,4
2017,43,4
2017,44,4
2017,45,4
2017,46,4
2017,47,4
2017,48,4
2017,49,4
2017,50,4
2017,51,4
2017,52,4
2018,15,2
2018,17,2
2018,44,4
2018,20,2
2018,51,4
2018,25,2
2018,2,1
2018,3,1
2018,34,3
2018,12,1
2018,35,3
2018,14,2
2018,43,4
2018,21,2
2018,28,3
2018,42,4
2018,23,2
2018,52,4
2018,31,3
2018,32,3
2018,10,1
2018,11,1
2018,24,2
2018,4,1
2018,9,1
2018,46,4
2018,48,4
2018,26,2
2018,33,3
2018,45,4
2018,19,2
2018,16,2
2018,5,1
2018,50,4
2018,47,4
2018,22,2
2018,6,1
2018,30,3
2018,49,4
2018,7,1
2018,1,1
2018,8,1
2018,37,3
2018,18,2
2018,39,3
2018,41,4
2018,29,3
2018,40,4
2019,1,1
2019,2,1
2019,3,1
2019,4,1
2019,5,1
2019,6,1
2019,7,1
2019,8,1
2019,18,2
2019,9,1
2019,10,1
2019,25,2
2019,11,1
2019,12,1
2019,13,1
2019,14,2
2019,15,2
2019,16,2
2019,17,2
2019,19,2
2019,31,3
2019,34,3
2019,30,3
2019,20,2
2019,21,2
2019,22,2
2019,23,2
2019,24,2
2019,26,2
2019,27,3
2019,28,3
2019,29,3
2019,32,3
2019,33,3
2019,35,3
2019,36,3
2019,37,3
2019,38,3
2019,39,3
2019,40,4
2019,41,4
2019,42,4
2019,43,4
2019,44,4
2019,45,4
2019,50,4
2019,46,4
2019,47,4
2019,48,4
2019,49,4
2019,51,4
2019,52,4
2020,1,1
2020,4,1
2020,2,1
2020,3,1
2020,5,1
2020,6,1
2020,7,1
2020,9,1
2020,11,1
2020,36,3
2020,10,1
2020,12,1
2020,13,1
2020,14,2
2020,15,2
2020,16,2
2020,17,2
2020,18,2
2020,19,2
2020,20,2
2020,22,2
2020,21,2
2020,23,2
2020,24,2
2020,25,2
2020,26,2
2020,27,3
2020,28,3
2020,29,3
2020,30,3
2020,31,3
2020,32,3
2020,33,3
2020,34,3
2020,35,3
2020,37,3
2020,38,3
2020,39,3
2020,40,4
2020,41,4
2020,42,4
2020,43,4
2020,44,4
2020,45,4
2020,46,4
2020,47,4
2020,48,4
2020,49,4
2020,50,4
2020,51,4
2020,52,4
2020,53,4
2021,1,1
2021,2,1
2021,3,1
2021,4,1
2021,5,1
2021,6,1
2021,7,1
2021,8,1
2021,9,1
2021,10,1
2021,11,1
2021,12,1
2021,13,1
2021,14,2
2021,15,2
2021,16,2
2021,32,3
2021,17,2
2021,18,2
2021,19,2
2021,21,2
2021,20,2
2021,22,2
2021,23,2
2021,24,2
2021,25,2
2021,26,2
2021,27,3
2021,28,3
2021,29,3
2021,31,3
2021,30,3
2021,33,3
2021,34,3
2021,35,3
2021,36,3
2021,37,3
2021,38,3
2021,39,3
2021,40,4
2021,41,4
2021,42,4
2021,43,4
2021,44,4
2021,45,4
2021,46,4
2021,47,4
2021,48,4
2021,49,4
2021,51,4
2021,50,4
2021,52,4
2022,1,1
2022,2,1
2022,32,3
2022,3,1
2022,4,1
2022,5,1
2022,42,4
2022,6,1
2022,7,1
2022,8,1
2022,9,1
2022,10,1
2022,11,1
2022,12,1
2022,13,1
2022,14,2
2022,15,2
2022,16,2
2022,19,2
2022,17,2
2022,44,4
2022,18,2
2022,20,2
2022,21,2
2022,22,2
2022,23,2
2022,24,2
2022,25,2
2022,26,2
2022,27,3
2022,28,3
2022,29,3
2022,30,3
2022,31,3
2022,33,3
2022,34,3
2022,35,3
2022,36,3
2022,37,3
2022,38,3
2022,39,3
2022,40,4
2022,41,4
2022,43,4
2022,45,4
2022,46,4
2022,47,4
2022,48,4
2022,49,4
2022,50,4
2022,51,4
2022,52,4
2023,1,1
2023,2,1
2023,3,1
2023,4,1
2023,5,1
2023,12,1
2023,6,1
2023,7,1
2023,8,1
2023,9,1
2023,10,1
2023,11,1
2023,13,1
2023,40,4
2023,14,2
2023,17,2
2023,15,2
2023,16,2
2023,18,2
2023,38,3
2023,19,2
2023,20,2
2023,23,2
2023,21,2
2023,22,2
2023,24,2
2023,25,2
2023,27,3
2023,26,2
2023,28,3
2023,29,3
2023,30,3
2023,31,3
2023,32,3
2023,33,3
2023,34,3
2023,35,3
2023,36,3
2023,37,3
2023,39,3
2023,41,4
2023,42,4
2023,43,4
2023,44,4
2023,45,4
2023,46,4
2023,47,4
2023,48,4
2023,49,4
2023,50,4
2023,51,4
2023,52,4
2024,1,1
2024,2,1
2024,3,1
2024,4,1
2024,24,2
2024,5,1
2024,6,1
2024,11,1
2024,31,3
2024,7,1
2024,8,1
2024,9,1
2024,27,3
2024,10,1
2024,14,2
2024,12,1
2024,13,1
2024,15,2
2024,16,2
2024,17,2
2024,22,2
2024,18,2
2024,19,2
2024,20,2
2024,21,2
2024,23,2
2024,25,2
2024,26,2
2024,28,3
2024,29,3
2024,42,4
2024,30,3
2024,36,3
2024,32,3
2024,33,3
2024,34,3
2024,35,3
2024,37,3
2024,38,3
2024,39,3
2024,40,4
2024,41,4
2024,43,4
2024,44,4
2024,45,4
2024,46,4
2024,47,4
2024,48,4
2024,49,4
2024,50,4
2024,51,4
2024,52,4
2001,22,2
2001,21,2
2009,50,4
2010,48,4
2010,1,1
2000,52,4
2000,4,1
2000,43,4
2001,17,2
2001,18,2
2001,2,1
2001,46,4
2001,11,1
2001,16,2
2001,19,2
2001,24,2
2001,23,2
2001,26,2
2001,3,1
2001,25,2
2001,10,1
2001,28,3
2001,4,1
2001,9,1
2001,31,3
2001,37,3
2001,41,4
2001,45,4
2001,50,4
2001,51,4
2001,32,3
2001,35,3
2001,39,3
2001,49,4
2001,36,3
2001,38,3
2002,13,1
2002,21,2
2002,38,3
2002,37,3
2002,9,1
2002,16,2
2002,19,2
2002,23,2
2002,29,3
2002,50,4
2002,10,1
2002,30,3
2002,36,3
2002,39,3
2002,40,4
2003,32,3
2003,2,1
2003,14,2
2003,29,3
2003,31,3
2003,30,3
2003,33,3
2003,34,3
2003,37,3
2008,22,2
2008,18,2
2008,38,3
2008,40,4
2008,42,4
2009,27,3
2009,29,3
2009,30,3
2009,43,4
2009,47,4
2009,20,2
2010,42,4
2011,52,4
2011,42,4
